file,source,license,inclusion_reason
amd_windows_port/CHANGELOG.md,Release preparation; original authored documentation/configuration,MIT,"Inference compatibility source, installation notes, provenance or historical aggregate evidence; no character-derived asset or weight"
amd_windows_port/EXCLUSIONS.md,Release preparation; original authored documentation/configuration,MIT,"Inference compatibility source, installation notes, provenance or historical aggregate evidence; no character-derived asset or weight"
amd_windows_port/FILE_PROVENANCE.csv,Release-authored per-file provenance of AMD inference subset,MIT,"Documents source, attribution and scope of each included port file; no private operational records"
amd_windows_port/PATCH_VALIDATION.json,Release preparation; original authored documentation/configuration,MIT,"Inference compatibility source, installation notes, provenance or historical aggregate evidence; no character-derived asset or weight"
amd_windows_port/README.md,AMD_TRAINING_COMPATIBILITY.md section 1; STAGE4B_SUMMARY.md environment; STAGE7E_BACKEND_PATCH_LOG.md toolchain and dependencies; newly authored installation notes,MIT,"Inference compatibility source, installation notes, provenance or historical aggregate evidence; no character-derived asset or weight"
amd_windows_port/VALIDATION.md,STAGE10B_OFFICIAL_CUDA_REFERENCE_RESULT.md: R1 neural and ray sections; STAGE10A_VAE_LOSS_DIAGNOSIS_RESULT.md: A1 and established problems,MIT,"Inference compatibility source, installation notes, provenance or historical aggregate evidence; no character-derived asset or weight"
amd_windows_port/config.example.json,Release preparation; original authored documentation/configuration,MIT,"Inference compatibility source, installation notes, provenance or historical aggregate evidence; no character-derived asset or weight"
amd_windows_port/hip_hash/LICENSE,project/stage4c/vendor/FlexGEMM/LICENSE; original complete Jianfeng Xiang MIT notice,MIT; API author notice; original Microsoft package license retained separately,Supply intact author license referred to by API header without replacing Microsoft attribution
amd_windows_port/hip_hash/bindings.cpp,project/stage7e_decoder_mesh/backend/bindings.cpp; selected original wrapper or configuration-only adaptation,MIT,"Inference compatibility source, installation notes, provenance or historical aggregate evidence; no character-derived asset or weight"
amd_windows_port/hip_hash/native_mesh.py,project/stage7e_decoder_mesh/backend/native_mesh.py; selected original wrapper or configuration-only adaptation,MIT,"Inference compatibility source, installation notes, provenance or historical aggregate evidence; no character-derived asset or weight"
amd_windows_port/hip_hash/setup_hash.py,project/stage7e_decoder_mesh/backend/setup_hash.py; selected original wrapper or configuration-only adaptation,MIT,"Inference compatibility source, installation notes, provenance or historical aggregate evidence; no character-derived asset or weight"
amd_windows_port/hip_hash/src/api.h,microsoft/TRELLIS.2@75fbf0183001ed9876c8dbb35de6b68552ee08bd/o-voxel/src/api.h,MIT; original Jianfeng XIANG author copyright retained; see hip_hash/LICENSE,Required declarations for the two upstream HIP hash bindings; copied without modification
amd_windows_port/hip_hash/src/hash.cu,microsoft/TRELLIS.2@75fbf0183001ed9876c8dbb35de6b68552ee08bd/o-voxel/src/hash.cu,Microsoft TRELLIS.2 MIT,"Inference compatibility source, installation notes, provenance or historical aggregate evidence; no character-derived asset or weight"
amd_windows_port/hip_hash/src/hash.cuh,microsoft/TRELLIS.2@75fbf0183001ed9876c8dbb35de6b68552ee08bd/o-voxel/src/hash.cuh,Microsoft TRELLIS.2 MIT,"Inference compatibility source, installation notes, provenance or historical aggregate evidence; no character-derived asset or weight"
amd_windows_port/hip_hash/vendor/flexible_dual_grid.py,microsoft/TRELLIS.2@75fbf0183001ed9876c8dbb35de6b68552ee08bd/o-voxel/o_voxel/convert/flexible_dual_grid.py,Microsoft TRELLIS.2 MIT,"Inference compatibility source, installation notes, provenance or historical aggregate evidence; no character-derived asset or weight"
amd_windows_port/licenses/FlexGEMM/LICENSE,project/stage4c/vendor/FlexGEMM/LICENSE; FlexGEMM@6dd94a859c26ee8246888502eada3dd8ad85532e/LICENSE,FlexGEMM MIT,Preserve original complete license and public author notice
amd_windows_port/licenses/Pixal3D/LICENSE,TencentARC/Pixal3D@f7cf38429b0bd264f1995f0f8743a88b1c728b94/LICENSE,Tencent Pixal3D MIT and preserved NOTICE,"Inference compatibility source, installation notes, provenance or historical aggregate evidence; no character-derived asset or weight"
amd_windows_port/licenses/Pixal3D/NOTICE,TencentARC/Pixal3D@f7cf38429b0bd264f1995f0f8743a88b1c728b94/NOTICE,Tencent Pixal3D MIT and preserved NOTICE,"Inference compatibility source, installation notes, provenance or historical aggregate evidence; no character-derived asset or weight"
amd_windows_port/licenses/TRELLIS.2/LICENSE,microsoft/TRELLIS.2@75fbf0183001ed9876c8dbb35de6b68552ee08bd/LICENSE,Microsoft MIT,"Inference compatibility source, installation notes, provenance or historical aggregate evidence; no character-derived asset or weight"
amd_windows_port/overlay/pixal3d/modules/sparse/conv/conv_torch_native.py,project/repo/pixal3d/modules/sparse/conv/conv_torch_native.py; adapted from FlexGEMM@6dd94a859c26ee8246888502eada3dd8ad85532e/flex_gemm/ops/spconv/submanifold_conv3d.py,FlexGEMM MIT; original author copyright/license retained,Required opt-in inference sparse convolution; copied without modification
amd_windows_port/patches/Pixal3D_inference_imports_and_backend.patch,Pixal3D/models/sc_vaes/fdg_vae.py and modules/sparse/config.py; existing inference changes against pinned Pixal3D baseline,Tencent Pixal3D MIT; newly authored delta MIT,"Inference compatibility source, installation notes, provenance or historical aggregate evidence; no character-derived asset or weight"
amd_windows_port/patches/TRELLIS2_hash_hipify.patch,project/stage7e_decoder_mesh/backend/src/hash.cu to src/hash.hip; archived mechanical translation,Microsoft MIT,"Inference compatibility source, installation notes, provenance or historical aggregate evidence; no character-derived asset or weight"
amd_windows_port/prepare_header_versions.py,Release preparation; original packaging helper using independently obtained original ROCm CMake/templates,MIT,Reproducible original version-placeholder substitution; no kernel or model modification
amd_windows_port/sphere_smoke.py,Release preparation; original wrapper around separately installed official models and existing synthetic sphere reference,MIT,Operator-configured local replay verification; no model is redistributed; adapted convolution is included separately with its original MIT notice
examples/validation/REPLAY_VERIFICATION.json,Original release-verification summary; historical expected values copied from STAGE10A_VAE_LOSS_DIAGNOSIS_RESULT.md current findings item 2 and A1; observed synthetic replay flags,MIT,"Compact verification evidence only; no private paths, protected inventories, model parameters or character-derived arrays"
