file,source,source_section,license,inclusion_reason
.gitignore,Release-authored repository ignore configuration,"Publication preparation; excludes private inputs, weights, dependencies and generated outputs",MIT (owner-approved; project-authored),Prevents accidental future inclusion of private or non-distributable inputs while keeping the procedural sphere example
BINARY_PROVENANCE.md,Release-authored documentation/configuration,"Existing aggregate findings, packaging scope or explicit owner decision",MIT (owner-approved; project-authored),"Research source or anonymous documentation; no character-derived data, weight or private operational information"
FILE_PROVENANCE.csv,Release-authored documentation/configuration,"Existing aggregate findings, packaging scope or explicit owner decision",MIT (owner-approved; project-authored),"Research source or anonymous documentation; no character-derived data, weight or private operational information"
LICENSE,Release-authored documentation/configuration,"Existing aggregate findings, packaging scope or explicit owner decision",MIT (owner-approved; project-authored),Owner-approved MIT license with approved contributors copyright holder
README.md,Release-authored documentation/configuration,"Existing aggregate findings, packaging scope or explicit owner decision",MIT (owner-approved; project-authored),"Research source or anonymous documentation; no character-derived data, weight or private operational information"
README.zh-TW.md,Release-authored documentation/configuration,"Existing aggregate findings, packaging scope or explicit owner decision",MIT (owner-approved; project-authored),"Research source or anonymous documentation; no character-derived data, weight or private operational information"
RELEASE_CHECKLIST.md,Release-authored documentation/configuration,"Existing aggregate findings, packaging scope or explicit owner decision",MIT (owner-approved; project-authored),"Research source or anonymous documentation; no character-derived data, weight or private operational information"
THIRD_PARTY_NOTICES.md,Release-authored documentation/configuration,"Existing aggregate findings, packaging scope or explicit owner decision",MIT (owner-approved; project-authored),"Research source or anonymous documentation; no character-derived data, weight or private operational information"
USER_DECISIONS.md,Release-authored documentation/configuration,"Existing aggregate findings, packaging scope or explicit owner decision",MIT (owner-approved; project-authored),"Research source or anonymous documentation; no character-derived data, weight or private operational information"
amd_windows_port/CHANGELOG.md,Release preparation; original authored documentation/configuration,See source and component documentation,MIT,"Inference compatibility source, installation notes, provenance or historical aggregate evidence; no character-derived asset or weight"
amd_windows_port/EXCLUSIONS.md,Release preparation; original authored documentation/configuration,See source and component documentation,MIT,"Inference compatibility source, installation notes, provenance or historical aggregate evidence; no character-derived asset or weight"
amd_windows_port/FILE_PROVENANCE.csv,Release-authored documentation/configuration,"Existing aggregate findings, packaging scope or explicit owner decision",MIT (owner-approved; project-authored),"Research source or anonymous documentation; no character-derived data, weight or private operational information"
amd_windows_port/PATCH_VALIDATION.json,Release preparation; original authored documentation/configuration,See source and component documentation,MIT,"Inference compatibility source, installation notes, provenance or historical aggregate evidence; no character-derived asset or weight"
amd_windows_port/README.md,AMD_TRAINING_COMPATIBILITY.md section 1; STAGE4B_SUMMARY.md environment; STAGE7E_BACKEND_PATCH_LOG.md toolchain and dependencies; newly authored installation notes,See source and component documentation,MIT,"Inference compatibility source, installation notes, provenance or historical aggregate evidence; no character-derived asset or weight"
amd_windows_port/VALIDATION.md,STAGE10B_OFFICIAL_CUDA_REFERENCE_RESULT.md: R1 neural and ray sections; STAGE10A_VAE_LOSS_DIAGNOSIS_RESULT.md: A1 and established problems,See source and component documentation,MIT,"Inference compatibility source, installation notes, provenance or historical aggregate evidence; no character-derived asset or weight"
amd_windows_port/config.example.json,Release preparation; original authored documentation/configuration,See source and component documentation,MIT,"Inference compatibility source, installation notes, provenance or historical aggregate evidence; no character-derived asset or weight"
amd_windows_port/hip_hash/LICENSE,project/stage4c/vendor/FlexGEMM/LICENSE; original complete Jianfeng Xiang MIT notice,See source and component documentation,MIT; API author notice; original Microsoft package license retained separately,Supply intact author license referred to by API header without replacing Microsoft attribution
amd_windows_port/hip_hash/bindings.cpp,project/stage7e_decoder_mesh/backend/bindings.cpp; selected original wrapper or configuration-only adaptation,See source and component documentation,MIT,"Inference compatibility source, installation notes, provenance or historical aggregate evidence; no character-derived asset or weight"
amd_windows_port/hip_hash/native_mesh.py,project/stage7e_decoder_mesh/backend/native_mesh.py; selected original wrapper or configuration-only adaptation,See source and component documentation,MIT,"Inference compatibility source, installation notes, provenance or historical aggregate evidence; no character-derived asset or weight"
amd_windows_port/hip_hash/setup_hash.py,project/stage7e_decoder_mesh/backend/setup_hash.py; selected original wrapper or configuration-only adaptation,See source and component documentation,MIT,"Inference compatibility source, installation notes, provenance or historical aggregate evidence; no character-derived asset or weight"
amd_windows_port/hip_hash/src/api.h,microsoft/TRELLIS.2@75fbf0183001ed9876c8dbb35de6b68552ee08bd/o-voxel/src/api.h,See source and component documentation,MIT; original Jianfeng XIANG author copyright retained; see hip_hash/LICENSE,Required declarations for the two upstream HIP hash bindings; copied without modification
amd_windows_port/hip_hash/src/hash.cu,microsoft/TRELLIS.2@75fbf0183001ed9876c8dbb35de6b68552ee08bd/o-voxel/src/hash.cu,See source and component documentation,Microsoft TRELLIS.2 MIT,"Inference compatibility source, installation notes, provenance or historical aggregate evidence; no character-derived asset or weight"
amd_windows_port/hip_hash/src/hash.cuh,microsoft/TRELLIS.2@75fbf0183001ed9876c8dbb35de6b68552ee08bd/o-voxel/src/hash.cuh,See source and component documentation,Microsoft TRELLIS.2 MIT,"Inference compatibility source, installation notes, provenance or historical aggregate evidence; no character-derived asset or weight"
amd_windows_port/hip_hash/vendor/flexible_dual_grid.py,microsoft/TRELLIS.2@75fbf0183001ed9876c8dbb35de6b68552ee08bd/o-voxel/o_voxel/convert/flexible_dual_grid.py,See source and component documentation,Microsoft TRELLIS.2 MIT,"Inference compatibility source, installation notes, provenance or historical aggregate evidence; no character-derived asset or weight"
amd_windows_port/licenses/FlexGEMM/LICENSE,project/stage4c/vendor/FlexGEMM/LICENSE; FlexGEMM@6dd94a859c26ee8246888502eada3dd8ad85532e/LICENSE,See source and component documentation,FlexGEMM MIT,Preserve original complete license and public author notice
amd_windows_port/licenses/Pixal3D/LICENSE,TencentARC/Pixal3D@f7cf38429b0bd264f1995f0f8743a88b1c728b94/LICENSE,See source and component documentation,Tencent Pixal3D MIT and preserved NOTICE,"Inference compatibility source, installation notes, provenance or historical aggregate evidence; no character-derived asset or weight"
amd_windows_port/licenses/Pixal3D/NOTICE,TencentARC/Pixal3D@f7cf38429b0bd264f1995f0f8743a88b1c728b94/NOTICE,See source and component documentation,Tencent Pixal3D MIT and preserved NOTICE,"Inference compatibility source, installation notes, provenance or historical aggregate evidence; no character-derived asset or weight"
amd_windows_port/licenses/TRELLIS.2/LICENSE,microsoft/TRELLIS.2@75fbf0183001ed9876c8dbb35de6b68552ee08bd/LICENSE,See source and component documentation,Microsoft MIT,"Inference compatibility source, installation notes, provenance or historical aggregate evidence; no character-derived asset or weight"
amd_windows_port/overlay/pixal3d/modules/sparse/conv/conv_torch_native.py,project/repo/pixal3d/modules/sparse/conv/conv_torch_native.py; adapted from FlexGEMM@6dd94a859c26ee8246888502eada3dd8ad85532e/flex_gemm/ops/spconv/submanifold_conv3d.py,See source and component documentation,FlexGEMM MIT; original author copyright/license retained,Required opt-in inference sparse convolution; copied without modification
amd_windows_port/patches/Pixal3D_inference_imports_and_backend.patch,Pixal3D/models/sc_vaes/fdg_vae.py and modules/sparse/config.py; existing inference changes against pinned Pixal3D baseline,See source and component documentation,Tencent Pixal3D MIT; newly authored delta MIT,"Inference compatibility source, installation notes, provenance or historical aggregate evidence; no character-derived asset or weight"
amd_windows_port/patches/TRELLIS2_hash_hipify.patch,project/stage7e_decoder_mesh/backend/src/hash.cu to src/hash.hip; archived mechanical translation,See source and component documentation,Microsoft MIT,"Inference compatibility source, installation notes, provenance or historical aggregate evidence; no character-derived asset or weight"
amd_windows_port/prepare_header_versions.py,Release preparation; original packaging helper using independently obtained original ROCm CMake/templates,See source and component documentation,MIT,Reproducible original version-placeholder substitution; no kernel or model modification
amd_windows_port/sphere_smoke.py,Release preparation; original wrapper around separately installed official models and existing synthetic sphere reference,See source and component documentation,MIT,Operator-configured local replay verification; no model is redistributed; adapted convolution is included separately with its original MIT notice
drafts/issues/PIXAL3D_AMD_WINDOWS_AND_GEOMETRY.md,Existing Stage10A / Stage10B aggregate report excerpts,Source file and section cited; unsubmitted release-authored draft,MIT (owner-approved; project-authored),"Research source or anonymous documentation; no character-derived data, weight or private operational information"
drafts/issues/TRELLIS2_REMESH_PROJECTION.md,Existing Stage10C / Stage10D aggregate report excerpts,Source file and section cited; unsubmitted release-authored draft,MIT (owner-approved; project-authored),"Research source or anonymous documentation; no character-derived data, weight or private operational information"
eval_harness/README.md,Release-authored documentation/configuration,"Existing aggregate findings, packaging scope or explicit owner decision",MIT (owner-approved; project-authored),"Research source or anonymous documentation; no character-derived data, weight or private operational information"
eval_harness/build_gallery.py,Release-authored local-image viewer,Relative filenames; no renderer or research payload,MIT (owner-approved; project-authored),"Research source or anonymous documentation; no character-derived data, weight or private operational information"
eval_harness/native/capacity.cpp,ovoxel_cell_capacity_audit/tools/capacity.cpp,Unchanged native F64 rays and cell-capacity audit,MIT (owner-approved; project-authored),"Research source or anonymous documentation; no character-derived data, weight or private operational information"
eval_harness/orientation_metrics.py,stage9cr_orientation_depth_reanalysis/tools/analyze.py,quantiles / metric; exact bodies with configuration wrapper,MIT (owner-approved; project-authored),"Research source or anonymous documentation; no character-derived data, weight or private operational information"
eval_harness/ray_metrics.py,stage9b_v2_1024_causal/tools/measure_rays.py,hits / normals / errors; exact extracted function bodies,MIT (owner-approved; project-authored),"Research source or anonymous documentation; no character-derived data, weight or private operational information"
eval_harness/read_mesh.py,ovoxel_cell_capacity_audit/tools/read_mesh.py,Unchanged PLY reader,MIT (owner-approved; project-authored),"Research source or anonymous documentation; no character-derived data, weight or private operational information"
eval_harness/requirements.txt,Release-authored documentation/configuration,"Existing aggregate findings, packaging scope or explicit owner decision",MIT (owner-approved; project-authored),"Research source or anonymous documentation; no character-derived data, weight or private operational information"
eval_harness/run_cpu_example.py,Release-authored integration; stage10a tools/measure_a.py,sphere_rays numerical expression / camera order,MIT (owner-approved; project-authored),"Research source or anonymous documentation; no character-derived data, weight or private operational information"
eval_harness/signed_metrics.py,stage10d_official_postprocess_parameter_sweep/local/measure_sweep_mesh.py,signed_quantiles; exact body,MIT (owner-approved; project-authored),"Research source or anonymous documentation; no character-derived data, weight or private operational information"
examples/README.md,Release-authored documentation/configuration,"Existing aggregate findings, packaging scope or explicit owner decision",MIT (owner-approved; project-authored),"Research source or anonymous documentation; no character-derived data, weight or private operational information"
examples/gallery_template.json,Release-authored empty image template,No images included,MIT (owner-approved; project-authored),"Research source or anonymous documentation; no character-derived data, weight or private operational information"
examples/sphere_cpu.json,stage10a_vae_loss_diagnosis/audit/A_PROTOCOL.json,Synthetic sphere camera and metric scalars; private fields excluded,MIT (owner-approved; project-authored),"Research source or anonymous documentation; no character-derived data, weight or private operational information"
examples/sphere_source.ply,stage10a_vae_loss_diagnosis/fixtures/SPHERE00/source.ply,STAGE10A_VAE_LOSS_DIAGNOSIS_RESULT.md: A1; procedural fixture,MIT (owner-approved; project-authored),Independent procedural synthetic fixture for reproducible CPU example; no commercial-character derivation
examples/validation/REPLAY_VERIFICATION.json,Original release-verification summary; historical expected values copied from STAGE10A_VAE_LOSS_DIAGNOSIS_RESULT.md current findings item 2 and A1; observed synthetic replay flags; approved-source build and exact synthetic replay packaging verification,See source and component documentation,MIT,"Compact verification evidence only; no private paths, protected inventories, model parameters or character-derived arrays"
reports/FINDINGS.md,Existing report excerpts; reports/SOURCES.md,Named source report and section for every numeric table,MIT (owner-approved; project-authored),"Research source or anonymous documentation; no character-derived data, weight or private operational information"
reports/OPEN_QUESTIONS.md,Existing closed-route reports; reports/SOURCES.md,Named original sections; untested questions explicitly labelled,MIT (owner-approved; project-authored),"Research source or anonymous documentation; no character-derived data, weight or private operational information"
reports/POSTPROCESS_FINDINGS.md,Stage9CR / Stage10C / Stage10D reports; reports/SOURCES.md,Named original sections / anonymous table rows,MIT (owner-approved; project-authored),"Research source or anonymous documentation; no character-derived data, weight or private operational information"
reports/SOURCES.md,Existing authoritative report filenames and section titles,Symbolic public source registry; no private location or data,MIT (owner-approved; project-authored),"Research source or anonymous documentation; no character-derived data, weight or private operational information"
v2_representation/LIMITATIONS.md,V2_1024_FIXED_CHANNEL_DIAGNOSTICS_RESULT.md; G3D LINK02 RESULT.md,One-page conclusion / section A / measured comparison,MIT (owner-approved; project-authored),"Research source or anonymous documentation; no character-derived data, weight or private operational information"
v2_representation/README.md,Release-authored documentation/configuration,"Existing aggregate findings, packaging scope or explicit owner decision",MIT (owner-approved; project-authored),"Research source or anonymous documentation; no character-derived data, weight or private operational information"
v2_representation/SCHEMA.md,TARGET_V2_DRAFT_SCHEMA.md,TRAINABLE_FIELDS / numeric contract; anonymous excerpt,MIT (owner-approved; project-authored),"Research source or anonymous documentation; no character-derived data, weight or private operational information"
v2_representation/SOURCE_NOTES.md,Release-authored documentation/configuration,"Existing aggregate findings, packaging scope or explicit owner decision",MIT (owner-approved; project-authored),"Research source or anonymous documentation; no character-derived data, weight or private operational information"
v2_representation/pinned_rounding_reference.py,stage9b_v2_1024_causal/tools/pinned_rounding_reference.py,Original project-authored arithmetic; upstream mesh-reference loader omitted,MIT (owner-approved; project-authored),"Research source or anonymous documentation; no character-derived data, weight or private operational information"
v2_representation/target_face_arc_construction_v2_02.py,stage9b_v2_1024_causal/tools/target_face_arc_construction_v2_02.py,Unchanged project-authored arc construction,MIT (owner-approved; project-authored),"Research source or anonymous documentation; no character-derived data, weight or private operational information"
v2_representation/target_source_free_reconstruct_v2_02.py,stage9b_v2_1024_causal/tools/target_source_free_reconstruct_v2_02.py,Original pure functions/constants; launcher omitted,MIT (owner-approved; project-authored),"Research source or anonymous documentation; no character-derived data, weight or private operational information"
v2_representation/target_triangle_emission.py,stage9b_v2_1024_causal/tools/target_triangle_emission.py,Unchanged project-authored FP32 triangulation,MIT (owner-approved; project-authored),"Research source or anonymous documentation; no character-derived data, weight or private operational information"
v2_representation/target_v2_validation02.py,stage9b_v2_1024_causal/tools/target_v2_validation02.py,Unchanged project-authored validation,MIT (owner-approved; project-authored),"Research source or anonymous documentation; no character-derived data, weight or private operational information"
